period,survey_type,benchmark_set,indicator_id,indicator_label,domain_type,domain_value,domain_label,official_estimate,official_reported_value,official_scale,reported_unit,source_name,source_note,official_validation_status
2025-12,anual,ipm_december_2025,tpm,Multidimensional poverty rate,national,national,Nacional,0.417,41.7,proportion,percent,INEC December 2025 poverty bulletin,Published benchmark for analytical comparison only not institutional validation,published_benchmark_not_institutional_validation
2025-12,anual,ipm_december_2025,tpm,Multidimensional poverty rate,area,urban,Urbano,0.299,29.9,proportion,percent,INEC December 2025 poverty bulletin,Published benchmark for analytical comparison only not institutional validation,published_benchmark_not_institutional_validation
2025-12,anual,ipm_december_2025,tpm,Multidimensional poverty rate,area,rural,Rural,0.669,66.9,proportion,percent,INEC December 2025 poverty bulletin,Published benchmark for analytical comparison only not institutional validation,published_benchmark_not_institutional_validation
2025-12,anual,ipm_december_2025,tpem,Extreme multidimensional poverty rate,national,national,Nacional,0.181,18.1,proportion,percent,INEC December 2025 poverty bulletin,Published benchmark for analytical comparison only not institutional validation,published_benchmark_not_institutional_validation
2025-12,anual,ipm_december_2025,tpem,Extreme multidimensional poverty rate,area,urban,Urbano,0.103,10.3,proportion,percent,INEC December 2025 poverty bulletin,Published benchmark for analytical comparison only not institutional validation,published_benchmark_not_institutional_validation
2025-12,anual,ipm_december_2025,tpem,Extreme multidimensional poverty rate,area,rural,Rural,0.348,34.8,proportion,percent,INEC December 2025 poverty bulletin,Published benchmark for analytical comparison only not institutional validation,published_benchmark_not_institutional_validation
2025-12,anual,ipm_december_2025,ipm,Adjusted multidimensional poverty index,national,national,Nacional,0.205,20.5,proportion,points,INEC December 2025 poverty bulletin,Published benchmark for analytical comparison only not institutional validation,published_benchmark_not_institutional_validation
2025-12,anual,ipm_december_2025,ipm,Adjusted multidimensional poverty index,area,urban,Urbano,0.132,13.2,proportion,points,INEC December 2025 poverty bulletin,Published benchmark for analytical comparison only not institutional validation,published_benchmark_not_institutional_validation
2025-12,anual,ipm_december_2025,ipm,Adjusted multidimensional poverty index,area,rural,Rural,0.363,36.3,proportion,points,INEC December 2025 poverty bulletin,Published benchmark for analytical comparison only not institutional validation,published_benchmark_not_institutional_validation
