variable,canonical_name,aliases,variable_group,analysis_level,required_core,type_expected,description,source_note,role,default_income_inclusion,optional_income_inclusion,comparison_ready
upm,upm,,design,person,TRUE,integer,Unidad primaria de muestreo usada para declarar el diseño muestral,Documento metodológico de precisión en encuestas de hogares,design_variable,FALSE,FALSE,FALSE
estrato,estrato,,design,person,TRUE,integer,Estrato muestral usado para declarar el diseño muestral,Documento metodológico de precisión en encuestas de hogares,design_variable,FALSE,FALSE,FALSE
fexp,fexp,,design,person,TRUE,numeric,Factor de expansión o peso muestral,Documento metodológico de precisión en encuestas de hogares,weight_variable,FALSE,FALSE,FALSE
area,area,urbano_rural,domain,person,TRUE,integer,Variable territorial para apertura urbano rural,Diccionarios oficiales ENEMDU cargados,domain_variable,FALSE,FALSE,TRUE
ciudad,ciudad,,domain,person,TRUE,integer,Variable territorial de ciudad o jurisdicción captada,Diccionarios oficiales ENEMDU cargados,domain_variable,FALSE,FALSE,TRUE
prov,prov,provincia|cod_prov,domain,person,TRUE,integer,Variable territorial de provincia observada en ENEMDU anual,Diccionario oficial ENEMDU anual cargado,domain_variable,FALSE,FALSE,TRUE
idhogar,idhogar,id_hogar,identifier,household_repeated_person,TRUE,character,Identificador de hogar usado para construir tamaño del hogar,Sintaxis oficial de pobreza extrema por ingresos,household_identifier,FALSE,FALSE,FALSE
p02,p02,sexo,demographic,person,FALSE,integer,Sexo de la persona,Sintaxis oficial de pobreza extrema por ingresos,classification_variable,FALSE,FALSE,FALSE
p63,p63,,income_labor_main,person,FALSE,numeric,Ingresos patronos o cuenta propia,Sintaxis oficial de pobreza extrema por ingresos,income_component,TRUE,FALSE,FALSE
p64b,p64b,,income_labor_main,person,FALSE,numeric,Monto para consumo del hogar,Sintaxis oficial de pobreza extrema por ingresos,income_component,TRUE,FALSE,FALSE
p65,p65,,income_labor_main,person,FALSE,numeric,Monto gastado en funcionamiento del negocio,Sintaxis oficial de pobreza extrema por ingresos,income_component,TRUE,FALSE,FALSE
p66,p66,,income_labor_main,person,FALSE,numeric,Ingreso de asalariados o empleados domésticos,Sintaxis oficial de pobreza extrema por ingresos,income_component,TRUE,FALSE,FALSE
p67,p67,,income_labor_main,person,FALSE,numeric,Descuentos de asalariados,Sintaxis oficial de pobreza extrema por ingresos,income_component,TRUE,FALSE,FALSE
p68b,p68b,,income_labor_main,person,FALSE,numeric,Ingreso en especies o servicios de asalariados,Sintaxis oficial de pobreza extrema por ingresos,income_component,TRUE,FALSE,FALSE
p69,p69,,income_labor_secondary,person,FALSE,numeric,Ingreso ocupación secundaria asalariados e independientes,Sintaxis oficial de pobreza extrema por ingresos,income_component,TRUE,FALSE,FALSE
p70b,p70b,,income_labor_secondary,person,FALSE,numeric,Pago en especies o consumo del hogar por trabajo secundario,Sintaxis oficial de pobreza extrema por ingresos,income_component,TRUE,FALSE,FALSE
p71a,p71a,,income_non_labor,person,FALSE,integer,Recibe ingresos derivados de capital e inversiones,Sintaxis oficial de pobreza extrema por ingresos,income_condition,TRUE,FALSE,FALSE
p71b,p71b,,income_non_labor,person,FALSE,numeric,Monto recibido por derivados de capital e inversiones,Sintaxis oficial de pobreza extrema por ingresos,income_component,TRUE,FALSE,FALSE
p72a,p72a,,income_non_labor,person,FALSE,integer,Recibe ingresos por jubilación orfandad viudez enfermedad divorcio o cesantía,Sintaxis oficial de pobreza extrema por ingresos,income_condition,TRUE,FALSE,FALSE
p72b,p72b,,income_non_labor,person,FALSE,numeric,Monto recibido por jubilación orfandad viudez enfermedad divorcio o cesantía,Sintaxis oficial de pobreza extrema por ingresos,income_component,TRUE,FALSE,FALSE
p73a,p73a,,income_non_labor,person,FALSE,integer,Recibe ingresos por regalos o donaciones dentro del país,Sintaxis oficial de pobreza extrema por ingresos,income_condition,TRUE,FALSE,FALSE
p73b,p73b,,income_non_labor,person,FALSE,numeric,Monto recibido por regalos o donaciones dentro del país,Sintaxis oficial de pobreza extrema por ingresos,income_component,TRUE,FALSE,FALSE
p74a,p74a,,income_non_labor,person,FALSE,integer,Recibe ingresos en dinero o especies del exterior,Sintaxis oficial de pobreza extrema por ingresos,income_condition,TRUE,FALSE,FALSE
p74b,p74b,,income_non_labor,person,FALSE,numeric,Monto recibido desde el exterior,Sintaxis oficial de pobreza extrema por ingresos,income_component,TRUE,FALSE,FALSE
p75,p75,,income_transfer,person,FALSE,integer,Recibe Bono de Desarrollo Humano,Sintaxis oficial de pobreza extrema por ingresos,income_condition,TRUE,FALSE,FALSE
p76,p76,,income_transfer,person,FALSE,numeric,Monto recibido por Bono de Desarrollo Humano,Sintaxis oficial de pobreza extrema por ingresos,income_component,TRUE,FALSE,FALSE
p77,p77,,income_transfer_optional,person,FALSE,integer,Recibe Bono de Discapacidad,Diccionarios oficiales ENEMDU cargados,income_condition,FALSE,TRUE,TRUE
p78,p78,,income_transfer_optional,person,FALSE,numeric,Monto recibido por Bono de Discapacidad,Diccionarios oficiales ENEMDU cargados,optional_bonus_analysis,FALSE,TRUE,TRUE
ingr,ingr,,derived_income,person,FALSE,numeric,Ingreso de trabajo principal derivado,Sintaxis oficial de pobreza extrema por ingresos,derived_income,TRUE,FALSE,FALSE
ingrls,ingrls,,derived_income,person,FALSE,numeric,Ingreso de ocupación secundaria derivado,Sintaxis oficial de pobreza extrema por ingresos,derived_income,TRUE,FALSE,FALSE
ingrl,ingrl,,derived_income,person,FALSE,numeric,Ingreso laboral derivado,Sintaxis oficial de pobreza extrema por ingresos,derived_income,TRUE,FALSE,FALSE
ingrltot,ingrltot,,derived_income,person,FALSE,numeric,Ingreso total individual derivado previo a agregación por hogar,Sintaxis oficial de pobreza extrema por ingresos,derived_income,TRUE,FALSE,FALSE
ingtot,ingtot,,derived_income,household_repeated_person,FALSE,numeric,Ingreso total del hogar derivado,Sintaxis oficial de pobreza extrema por ingresos,derived_income,TRUE,FALSE,FALSE
hsize,hsize,npersona,derived_household,household_repeated_person,FALSE,integer,Tamaño del hogar calculado por identificador de hogar,Sintaxis oficial de pobreza extrema por ingresos y ajuste interno del proyecto,derived_household,FALSE,FALSE,FALSE
ingtot_pc,ingtot_pc,ipcf|ingreso_percapita_familiar,derived_income,household_repeated_person,FALSE,numeric,Ingreso per cápita familiar derivado dividiendo ingreso del hogar para tamaño del hogar,Sintaxis oficial de pobreza extrema por ingresos,derived_income,TRUE,FALSE,FALSE
bono_desarrollo_humano,bono_desarrollo_humano,p76_validado,bonos_sociales,person,FALSE,numeric,Monto validado del Bono de Desarrollo Humano usando p75 y p76,Contrato interno del proyecto con base en sintaxis oficial de ingresos,social_bonus_analysis,TRUE,FALSE,TRUE
bono_desarrollo_humano_recibe,bono_desarrollo_humano_recibe,p75_validado,bonos_sociales,person,FALSE,integer,Indicador de recepción de BDH construido desde p75,Contrato interno del proyecto,social_bonus_analysis,FALSE,FALSE,TRUE
bono_discapacidad,bono_discapacidad,p78_validado,bonos_sociales,person,FALSE,numeric,Monto validado del Bono de Discapacidad usando p77 y p78,Contrato interno del proyecto con base en diccionarios oficiales cargados,social_bonus_analysis,FALSE,TRUE,TRUE
bono_discapacidad_recibe,bono_discapacidad_recibe,p77_validado,bonos_sociales,person,FALSE,integer,Indicador de recepción de Bono de Discapacidad construido desde p77,Contrato interno del proyecto,social_bonus_analysis,FALSE,TRUE,TRUE
bonos_sociales_total,bonos_sociales_total,bonos_optional_total,bonos_sociales,person,FALSE,numeric,Total individual de bonos sociales validados captados por ENEMDU,Contrato interno del proyecto,social_bonus_analysis,FALSE,TRUE,TRUE
bonos_sociales_recibe,bonos_sociales_recibe,bonos_optional_recibe,bonos_sociales,person,FALSE,integer,Indicador de recepción de cualquier bono social validado,Contrato interno del proyecto,social_bonus_analysis,FALSE,TRUE,TRUE
bonos_scenario_add_total,bonos_scenario_add_total,,bonos_sociales,person,FALSE,numeric,Total individual de bonos no incluidos en ingreso base para escenarios alternativos,Contrato interno del proyecto,scenario_income,FALSE,TRUE,TRUE
bono_jgl,bono_jgl,bono_discapacidad,deprecated_optional_bonus,person,FALSE,numeric,Alias temporal heredado para bono_discapacidad,Contrato interno de compatibilidad temporal,deprecated_optional_bonus,FALSE,TRUE,FALSE
bono_jgl_recibe,bono_jgl_recibe,bono_discapacidad_recibe,deprecated_optional_bonus,person,FALSE,integer,Alias temporal heredado para bono_discapacidad_recibe,Contrato interno de compatibilidad temporal,deprecated_optional_bonus,FALSE,TRUE,FALSE
ingrltot_plus_optional_bonos,ingrltot_plus_optional_bonos,,derived_income_scenario,person,FALSE,numeric,Ingreso individual alternativo con bonos no incluidos en ingreso base,Decisión interna del proyecto,scenario_income,FALSE,TRUE,TRUE
ingtot_plus_optional_bonos,ingtot_plus_optional_bonos,,derived_income_scenario,household_repeated_person,FALSE,numeric,Ingreso total del hogar alternativo con bonos no incluidos en ingreso base,Decisión interna del proyecto,scenario_income,FALSE,TRUE,TRUE
ingtot_pc_plus_optional_bonos,ingtot_pc_plus_optional_bonos,ipcf_plus_optional_bonos,derived_income_scenario,household_repeated_person,FALSE,numeric,Ingreso per cápita familiar alternativo con bonos no incluidos en ingreso base,Decisión interna del proyecto,scenario_income,FALSE,TRUE,TRUE